family,repetition,workload,probe_n,target_n,status,exit_code,min_margin_bits,elapsed_seconds,run_directory,log,tally_flow,evidence_source
sequential-final-t65537-b3-k5-sequential-final,0,concentrated,6,50000,passed,0,50.605515,5.858488625031896,/Users/mariana/voting-benchmarks/coercion_resistant_voting/experiments/validation/b3-campaigns/screen-ebuonhiy/raw/20260915_172144_n6_b3_k5_T5_109632243,/Users/mariana/voting-benchmarks/coercion_resistant_voting/experiments/validation/b3-campaigns/screen-ebuonhiy/sequential-final-t65537-b3-k5-sequential-final-0.log,period-streaming-masked-echo-v3,four-workload-screen
sequential-final-t65537-b3-k5-sequential-final,1,balanced,6,50000,passed,0,48.766392,7.515774000028614,/Users/mariana/voting-benchmarks/coercion_resistant_voting/experiments/validation/b3-campaigns/screen-ebuonhiy/raw/20260915_172150_n6_b3_k5_T5_1755318650,/Users/mariana/voting-benchmarks/coercion_resistant_voting/experiments/validation/b3-campaigns/screen-ebuonhiy/sequential-final-t65537-b3-k5-sequential-final-1.log,period-streaming-masked-echo-v3,four-workload-screen
sequential-final-t65537-b3-k5-sequential-final,2,random,6,50000,passed,0,52.000556,11.72463891596999,/Users/mariana/voting-benchmarks/coercion_resistant_voting/experiments/validation/b3-campaigns/screen-ebuonhiy/raw/20260915_172158_n6_b3_k5_T5_243577734,/Users/mariana/voting-benchmarks/coercion_resistant_voting/experiments/validation/b3-campaigns/screen-ebuonhiy/sequential-final-t65537-b3-k5-sequential-final-2.log,period-streaming-masked-echo-v3,four-workload-screen
sequential-final-t65537-b3-k5-sequential-final,3,carry,6,50000,passed,0,48.362925,11.300975167017896,/Users/mariana/voting-benchmarks/coercion_resistant_voting/experiments/validation/b3-campaigns/screen-ebuonhiy/raw/20260915_172209_n6_b3_k5_T5_3037483542,/Users/mariana/voting-benchmarks/coercion_resistant_voting/experiments/validation/b3-campaigns/screen-ebuonhiy/sequential-final-t65537-b3-k5-sequential-final-3.log,period-streaming-masked-echo-v3,four-workload-screen
sequential-final-t786433-b3-k5-sequential-final,0,concentrated,6,500000,passed,0,81.402397,25.307064292021096,/Users/mariana/voting-benchmarks/coercion_resistant_voting/experiments/validation/b3-campaigns/screen-ebuonhiy/raw/20260915_172221_n6_b3_k5_T5_4247476573,/Users/mariana/voting-benchmarks/coercion_resistant_voting/experiments/validation/b3-campaigns/screen-ebuonhiy/sequential-final-t786433-b3-k5-sequential-final-0.log,period-streaming-masked-echo-v3,four-workload-screen
sequential-final-t786433-b3-k5-sequential-final,1,balanced,6,500000,passed,0,85.057999,34.22994733299129,/Users/mariana/voting-benchmarks/coercion_resistant_voting/experiments/validation/b3-campaigns/screen-ebuonhiy/raw/20260915_172246_n6_b3_k5_T5_3016392944,/Users/mariana/voting-benchmarks/coercion_resistant_voting/experiments/validation/b3-campaigns/screen-ebuonhiy/sequential-final-t786433-b3-k5-sequential-final-1.log,period-streaming-masked-echo-v3,four-workload-screen
sequential-final-t786433-b3-k5-sequential-final,2,random,6,500000,passed,0,80.53321,17.42731487500714,/Users/mariana/voting-benchmarks/coercion_resistant_voting/experiments/validation/b3-campaigns/screen-ebuonhiy/raw/20260915_172320_n6_b3_k5_T5_3716609473,/Users/mariana/voting-benchmarks/coercion_resistant_voting/experiments/validation/b3-campaigns/screen-ebuonhiy/sequential-final-t786433-b3-k5-sequential-final-2.log,period-streaming-masked-echo-v3,four-workload-screen
sequential-final-t786433-b3-k5-sequential-final,3,carry,6,500000,passed,0,82.739094,20.755678625020664,/Users/mariana/voting-benchmarks/coercion_resistant_voting/experiments/validation/b3-campaigns/screen-ebuonhiy/raw/20260915_172338_n6_b3_k5_T5_1886798333,/Users/mariana/voting-benchmarks/coercion_resistant_voting/experiments/validation/b3-campaigns/screen-ebuonhiy/sequential-final-t786433-b3-k5-sequential-final-3.log,period-streaming-masked-echo-v3,four-workload-screen
sequential-final-1M-b3-k5-sequential-final,0,concentrated,6,1000000,passed,0,137.257668,23.49024891696172,/Users/mariana/voting-benchmarks/coercion_resistant_voting/experiments/validation/b3-campaigns/screen-ebuonhiy/raw/20260915_172358_n6_b3_k5_T5_2349530803,/Users/mariana/voting-benchmarks/coercion_resistant_voting/experiments/validation/b3-campaigns/screen-ebuonhiy/sequential-final-1M-b3-k5-sequential-final-0.log,period-streaming-masked-echo-v3,four-workload-screen
sequential-final-1M-b3-k5-sequential-final,1,balanced,6,1000000,passed,0,135.982063,24.94085058401106,/Users/mariana/voting-benchmarks/coercion_resistant_voting/experiments/validation/b3-campaigns/screen-ebuonhiy/raw/20260915_172422_n6_b3_k5_T5_3303437670,/Users/mariana/voting-benchmarks/coercion_resistant_voting/experiments/validation/b3-campaigns/screen-ebuonhiy/sequential-final-1M-b3-k5-sequential-final-1.log,period-streaming-masked-echo-v3,four-workload-screen
sequential-final-1M-b3-k5-sequential-final,2,random,6,1000000,passed,0,131.479884,20.01023166597588,/Users/mariana/voting-benchmarks/coercion_resistant_voting/experiments/validation/b3-campaigns/screen-ebuonhiy/raw/20260915_172447_n6_b3_k5_T5_107097903,/Users/mariana/voting-benchmarks/coercion_resistant_voting/experiments/validation/b3-campaigns/screen-ebuonhiy/sequential-final-1M-b3-k5-sequential-final-2.log,period-streaming-masked-echo-v3,four-workload-screen
sequential-final-1M-b3-k5-sequential-final,3,carry,6,1000000,passed,0,133.377197,23.400750208005775,/Users/mariana/voting-benchmarks/coercion_resistant_voting/experiments/validation/b3-campaigns/screen-ebuonhiy/raw/20260915_172507_n6_b3_k5_T5_1334988591,/Users/mariana/voting-benchmarks/coercion_resistant_voting/experiments/validation/b3-campaigns/screen-ebuonhiy/sequential-final-1M-b3-k5-sequential-final-3.log,period-streaming-masked-echo-v3,four-workload-screen
sequential-none-50k-b3-k5-sequential-none,0,concentrated,6,50000,passed,0,62.488103,31.35133308399236,/Users/mariana/voting-benchmarks/coercion_resistant_voting/experiments/validation/b3-campaigns/screen-150nabw1/raw/20260915_172724_n6_b3_k5_T5_874620238,/Users/mariana/voting-benchmarks/coercion_resistant_voting/experiments/validation/b3-campaigns/screen-150nabw1/sequential-none-50k-b3-k5-sequential-none-0.log,period-streaming-masked-echo-v3,four-workload-screen
sequential-none-50k-b3-k5-sequential-none,1,balanced,6,50000,passed,0,66.373031,35.323499499994796,/Users/mariana/voting-benchmarks/coercion_resistant_voting/experiments/validation/b3-campaigns/screen-150nabw1/raw/20260915_172756_n6_b3_k5_T5_3619419307,/Users/mariana/voting-benchmarks/coercion_resistant_voting/experiments/validation/b3-campaigns/screen-150nabw1/sequential-none-50k-b3-k5-sequential-none-1.log,period-streaming-masked-echo-v3,four-workload-screen
sequential-none-50k-b3-k5-sequential-none,2,random,6,50000,passed,0,65.375157,31.13604445796227,/Users/mariana/voting-benchmarks/coercion_resistant_voting/experiments/validation/b3-campaigns/screen-150nabw1/raw/20260915_172831_n6_b3_k5_T5_23407214,/Users/mariana/voting-benchmarks/coercion_resistant_voting/experiments/validation/b3-campaigns/screen-150nabw1/sequential-none-50k-b3-k5-sequential-none-2.log,period-streaming-masked-echo-v3,four-workload-screen
sequential-none-50k-b3-k5-sequential-none,3,carry,6,50000,passed,0,65.841915,24.450801541039255,/Users/mariana/voting-benchmarks/coercion_resistant_voting/experiments/validation/b3-campaigns/screen-150nabw1/raw/20260915_172902_n6_b3_k5_T5_3046578302,/Users/mariana/voting-benchmarks/coercion_resistant_voting/experiments/validation/b3-campaigns/screen-150nabw1/sequential-none-50k-b3-k5-sequential-none-3.log,period-streaming-masked-echo-v3,four-workload-screen
sequential-none-500k-b3-k5-sequential-none,0,concentrated,6,500000,passed,0,69.505905,31.427367666969076,/Users/mariana/voting-benchmarks/coercion_resistant_voting/experiments/validation/b3-campaigns/screen-150nabw1/raw/20260915_172927_n6_b3_k5_T5_789366354,/Users/mariana/voting-benchmarks/coercion_resistant_voting/experiments/validation/b3-campaigns/screen-150nabw1/sequential-none-500k-b3-k5-sequential-none-0.log,period-streaming-masked-echo-v3,four-workload-screen
sequential-none-500k-b3-k5-sequential-none,1,balanced,6,500000,passed,0,72.093829,39.283150833973195,/Users/mariana/voting-benchmarks/coercion_resistant_voting/experiments/validation/b3-campaigns/screen-150nabw1/raw/20260915_172958_n6_b3_k5_T5_4219609360,/Users/mariana/voting-benchmarks/coercion_resistant_voting/experiments/validation/b3-campaigns/screen-150nabw1/sequential-none-500k-b3-k5-sequential-none-1.log,period-streaming-masked-echo-v3,four-workload-screen
sequential-none-500k-b3-k5-sequential-none,2,random,6,500000,passed,0,74.761062,80.15187816601247,/Users/mariana/voting-benchmarks/coercion_resistant_voting/experiments/validation/b3-campaigns/screen-150nabw1/raw/20260915_173037_n6_b3_k5_T5_1703569526,/Users/mariana/voting-benchmarks/coercion_resistant_voting/experiments/validation/b3-campaigns/screen-150nabw1/sequential-none-500k-b3-k5-sequential-none-2.log,period-streaming-masked-echo-v3,four-workload-screen
sequential-none-500k-b3-k5-sequential-none,3,carry,6,500000,passed,0,71.623436,61.819848000013735,/Users/mariana/voting-benchmarks/coercion_resistant_voting/experiments/validation/b3-campaigns/screen-150nabw1/raw/20260915_173157_n6_b3_k5_T5_589914002,/Users/mariana/voting-benchmarks/coercion_resistant_voting/experiments/validation/b3-campaigns/screen-150nabw1/sequential-none-500k-b3-k5-sequential-none-3.log,period-streaming-masked-echo-v3,four-workload-screen
sequential-none-1M-b3-k5-sequential-none,0,concentrated,6,1000000,passed,0,59.366568,70.05597670795396,/Users/mariana/voting-benchmarks/coercion_resistant_voting/experiments/validation/b3-campaigns/screen-150nabw1/raw/20260915_173259_n6_b3_k5_T5_1313193004,/Users/mariana/voting-benchmarks/coercion_resistant_voting/experiments/validation/b3-campaigns/screen-150nabw1/sequential-none-1M-b3-k5-sequential-none-0.log,period-streaming-masked-echo-v3,four-workload-screen
sequential-none-1M-b3-k5-sequential-none,1,balanced,6,1000000,passed,0,62.021021,84.5821475419798,/Users/mariana/voting-benchmarks/coercion_resistant_voting/experiments/validation/b3-campaigns/screen-150nabw1/raw/20260915_173409_n6_b3_k5_T5_4136006210,/Users/mariana/voting-benchmarks/coercion_resistant_voting/experiments/validation/b3-campaigns/screen-150nabw1/sequential-none-1M-b3-k5-sequential-none-1.log,period-streaming-masked-echo-v3,four-workload-screen
sequential-none-1M-b3-k5-sequential-none,2,random,6,1000000,passed,0,60.4869,70.61313825001707,/Users/mariana/voting-benchmarks/coercion_resistant_voting/experiments/validation/b3-campaigns/screen-150nabw1/raw/20260915_173534_n6_b3_k5_T5_2550531219,/Users/mariana/voting-benchmarks/coercion_resistant_voting/experiments/validation/b3-campaigns/screen-150nabw1/sequential-none-1M-b3-k5-sequential-none-2.log,period-streaming-masked-echo-v3,four-workload-screen
sequential-none-1M-b3-k5-sequential-none,3,carry,6,1000000,passed,0,61.261752,62.2829619590193,/Users/mariana/voting-benchmarks/coercion_resistant_voting/experiments/validation/b3-campaigns/screen-150nabw1/raw/20260915_173645_n6_b3_k5_T5_1215915286,/Users/mariana/voting-benchmarks/coercion_resistant_voting/experiments/validation/b3-campaigns/screen-150nabw1/sequential-none-1M-b3-k5-sequential-none-3.log,period-streaming-masked-echo-v3,four-workload-screen
tree-none-50k-b3-k100-tree-none,0,concentrated,101,50000,passed,0,95.164587,110.85346762498375,/Users/mariana/voting-benchmarks/coercion_resistant_voting/experiments/validation/b3-campaigns/screen-6o17tauu/raw/20260915_172131_n101_b3_k100_T5_3909741757,/Users/mariana/voting-benchmarks/coercion_resistant_voting/experiments/validation/b3-campaigns/screen-6o17tauu/tree-none-50k-b3-k100-tree-none-0.log,period-streaming-masked-echo-v3,four-workload-screen
tree-none-50k-b3-k100-tree-none,1,balanced,101,50000,passed,0,95.072192,122.31772529199952,/Users/mariana/voting-benchmarks/coercion_resistant_voting/experiments/validation/b3-campaigns/screen-6o17tauu/raw/20260915_172322_n101_b3_k100_T5_339161641,/Users/mariana/voting-benchmarks/coercion_resistant_voting/experiments/validation/b3-campaigns/screen-6o17tauu/tree-none-50k-b3-k100-tree-none-1.log,period-streaming-masked-echo-v3,four-workload-screen
tree-none-50k-b3-k100-tree-none,2,random,101,50000,passed,0,92.845696,79.26784637500532,/Users/mariana/voting-benchmarks/coercion_resistant_voting/experiments/validation/b3-campaigns/screen-6o17tauu/raw/20260915_172525_n101_b3_k100_T5_2264619855,/Users/mariana/voting-benchmarks/coercion_resistant_voting/experiments/validation/b3-campaigns/screen-6o17tauu/tree-none-50k-b3-k100-tree-none-2.log,period-streaming-masked-echo-v3,four-workload-screen
tree-none-50k-b3-k100-tree-none,3,carry,101,50000,passed,0,93.831454,108.27022591698915,/Users/mariana/voting-benchmarks/coercion_resistant_voting/experiments/validation/b3-campaigns/screen-6o17tauu/raw/20260915_172644_n101_b3_k100_T5_235880282,/Users/mariana/voting-benchmarks/coercion_resistant_voting/experiments/validation/b3-campaigns/screen-6o17tauu/tree-none-50k-b3-k100-tree-none-3.log,period-streaming-masked-echo-v3,four-workload-screen
tree-final-50k-b3-k100-tree-final,0,concentrated,101,50000,passed,0,44.050227,22.723089499981143,/Users/mariana/voting-benchmarks/coercion_resistant_voting/experiments/validation/b3-campaigns/screen-6o17tauu/raw/20260915_172832_n101_b3_k100_T5_4288122769,/Users/mariana/voting-benchmarks/coercion_resistant_voting/experiments/validation/b3-campaigns/screen-6o17tauu/tree-final-50k-b3-k100-tree-final-0.log,period-streaming-masked-echo-v3,four-workload-screen
tree-final-50k-b3-k100-tree-final,1,balanced,101,50000,passed,0,43.441792,18.091497082961723,/Users/mariana/voting-benchmarks/coercion_resistant_voting/experiments/validation/b3-campaigns/screen-6o17tauu/raw/20260915_172855_n101_b3_k100_T5_205572815,/Users/mariana/voting-benchmarks/coercion_resistant_voting/experiments/validation/b3-campaigns/screen-6o17tauu/tree-final-50k-b3-k100-tree-final-1.log,period-streaming-masked-echo-v3,four-workload-screen
tree-final-50k-b3-k100-tree-final,2,random,101,50000,passed,0,45.181489,17.48243541701231,/Users/mariana/voting-benchmarks/coercion_resistant_voting/experiments/validation/b3-campaigns/screen-6o17tauu/raw/20260915_172913_n101_b3_k100_T5_322644710,/Users/mariana/voting-benchmarks/coercion_resistant_voting/experiments/validation/b3-campaigns/screen-6o17tauu/tree-final-50k-b3-k100-tree-final-2.log,period-streaming-masked-echo-v3,four-workload-screen
tree-final-50k-b3-k100-tree-final,3,carry,101,50000,passed,0,44.798764,19.476617124979384,/Users/mariana/voting-benchmarks/coercion_resistant_voting/experiments/validation/b3-campaigns/screen-6o17tauu/raw/20260915_172930_n101_b3_k100_T5_510111896,/Users/mariana/voting-benchmarks/coercion_resistant_voting/experiments/validation/b3-campaigns/screen-6o17tauu/tree-final-50k-b3-k100-tree-final-3.log,period-streaming-masked-echo-v3,four-workload-screen
sequential-none-50k-b3-k100-sequential-none,0,concentrated,101,50000,passed,0,66.171784,148.15401449997444,/Users/mariana/voting-benchmarks/coercion_resistant_voting/experiments/validation/b3-campaigns/screen-6o17tauu/raw/20260915_172950_n101_b3_k100_T5_2641560557,/Users/mariana/voting-benchmarks/coercion_resistant_voting/experiments/validation/b3-campaigns/screen-6o17tauu/sequential-none-50k-b3-k100-sequential-none-0.log,period-streaming-masked-echo-v3,four-workload-screen
sequential-none-50k-b3-k100-sequential-none,1,balanced,101,50000,passed,0,63.516426,194.87892662500963,/Users/mariana/voting-benchmarks/coercion_resistant_voting/experiments/validation/b3-campaigns/screen-6o17tauu/raw/20260915_173218_n101_b3_k100_T5_3022313959,/Users/mariana/voting-benchmarks/coercion_resistant_voting/experiments/validation/b3-campaigns/screen-6o17tauu/sequential-none-50k-b3-k100-sequential-none-1.log,period-streaming-masked-echo-v3,four-workload-screen
sequential-none-50k-b3-k100-sequential-none,2,random,101,50000,passed,0,64.001993,148.71488391701132,/Users/mariana/voting-benchmarks/coercion_resistant_voting/experiments/validation/b3-campaigns/screen-6o17tauu/raw/20260915_173533_n101_b3_k100_T5_1162890088,/Users/mariana/voting-benchmarks/coercion_resistant_voting/experiments/validation/b3-campaigns/screen-6o17tauu/sequential-none-50k-b3-k100-sequential-none-2.log,period-streaming-masked-echo-v3,four-workload-screen
sequential-none-50k-b3-k100-sequential-none,3,carry,101,50000,passed,0,62.969214,52.37044791696826,/Users/mariana/voting-benchmarks/coercion_resistant_voting/experiments/validation/b3-campaigns/screen-6o17tauu/raw/20260915_173802_n101_b3_k100_T5_186567854,/Users/mariana/voting-benchmarks/coercion_resistant_voting/experiments/validation/b3-campaigns/screen-6o17tauu/sequential-none-50k-b3-k100-sequential-none-3.log,period-streaming-masked-echo-v3,four-workload-screen
sequential-final-50k-b3-k100-sequential-final,0,concentrated,101,50000,passed,0,44.172423,13.915636333986185,/Users/mariana/voting-benchmarks/coercion_resistant_voting/experiments/validation/b3-campaigns/screen-6o17tauu/raw/20260915_173854_n101_b3_k100_T5_891562292,/Users/mariana/voting-benchmarks/coercion_resistant_voting/experiments/validation/b3-campaigns/screen-6o17tauu/sequential-final-50k-b3-k100-sequential-final-0.log,period-streaming-masked-echo-v3,four-workload-screen
sequential-final-50k-b3-k100-sequential-final,1,balanced,101,50000,passed,0,43.975856,18.044131957984064,/Users/mariana/voting-benchmarks/coercion_resistant_voting/experiments/validation/b3-campaigns/screen-6o17tauu/raw/20260915_173908_n101_b3_k100_T5_3210158533,/Users/mariana/voting-benchmarks/coercion_resistant_voting/experiments/validation/b3-campaigns/screen-6o17tauu/sequential-final-50k-b3-k100-sequential-final-1.log,period-streaming-masked-echo-v3,four-workload-screen
sequential-final-50k-b3-k100-sequential-final,2,random,101,50000,passed,0,45.208716,14.475886875006836,/Users/mariana/voting-benchmarks/coercion_resistant_voting/experiments/validation/b3-campaigns/screen-6o17tauu/raw/20260915_173926_n101_b3_k100_T5_3974831844,/Users/mariana/voting-benchmarks/coercion_resistant_voting/experiments/validation/b3-campaigns/screen-6o17tauu/sequential-final-50k-b3-k100-sequential-final-2.log,period-streaming-masked-echo-v3,four-workload-screen
sequential-final-50k-b3-k100-sequential-final,3,carry,101,50000,passed,0,44.518474,17.734240457997657,/Users/mariana/voting-benchmarks/coercion_resistant_voting/experiments/validation/b3-campaigns/screen-6o17tauu/raw/20260915_173941_n101_b3_k100_T5_1278440752,/Users/mariana/voting-benchmarks/coercion_resistant_voting/experiments/validation/b3-campaigns/screen-6o17tauu/sequential-final-50k-b3-k100-sequential-final-3.log,period-streaming-masked-echo-v3,four-workload-screen
tree-none-100k-b3-k100-tree-none,0,concentrated,101,100000,passed,0,51.445475,133.3345225410303,/Users/mariana/voting-benchmarks/coercion_resistant_voting/experiments/validation/b3-campaigns/screen-6o17tauu/raw/20260915_173958_n101_b3_k100_T5_2525286121,/Users/mariana/voting-benchmarks/coercion_resistant_voting/experiments/validation/b3-campaigns/screen-6o17tauu/tree-none-100k-b3-k100-tree-none-0.log,period-streaming-masked-echo-v3,four-workload-screen
tree-none-100k-b3-k100-tree-none,1,balanced,101,100000,passed,0,51.587038,178.89938662498025,/Users/mariana/voting-benchmarks/coercion_resistant_voting/experiments/validation/b3-campaigns/screen-6o17tauu/raw/20260915_174212_n101_b3_k100_T5_696744564,/Users/mariana/voting-benchmarks/coercion_resistant_voting/experiments/validation/b3-campaigns/screen-6o17tauu/tree-none-100k-b3-k100-tree-none-1.log,period-streaming-masked-echo-v3,four-workload-screen
tree-none-100k-b3-k100-tree-none,2,random,101,100000,passed,0,48.581362,118.40148066700203,/Users/mariana/voting-benchmarks/coercion_resistant_voting/experiments/validation/b3-campaigns/screen-6o17tauu/raw/20260915_174511_n101_b3_k100_T5_2608114767,/Users/mariana/voting-benchmarks/coercion_resistant_voting/experiments/validation/b3-campaigns/screen-6o17tauu/tree-none-100k-b3-k100-tree-none-2.log,period-streaming-masked-echo-v3,four-workload-screen
tree-none-100k-b3-k100-tree-none,3,carry,101,100000,passed,0,50.231235,252.9854040829814,/Users/mariana/voting-benchmarks/coercion_resistant_voting/experiments/validation/b3-campaigns/screen-6o17tauu/raw/20260915_174709_n101_b3_k100_T5_773476019,/Users/mariana/voting-benchmarks/coercion_resistant_voting/experiments/validation/b3-campaigns/screen-6o17tauu/tree-none-100k-b3-k100-tree-none-3.log,period-streaming-masked-echo-v3,four-workload-screen
tree-final-100k-b3-k100-tree-final,0,concentrated,101,100000,passed,0,81.193734,39.77145029098028,/Users/mariana/voting-benchmarks/coercion_resistant_voting/experiments/validation/b3-campaigns/screen-6o17tauu/raw/20260915_175122_n101_b3_k100_T5_1733301496,/Users/mariana/voting-benchmarks/coercion_resistant_voting/experiments/validation/b3-campaigns/screen-6o17tauu/tree-final-100k-b3-k100-tree-final-0.log,period-streaming-masked-echo-v3,four-workload-screen
tree-final-100k-b3-k100-tree-final,1,balanced,101,100000,passed,0,80.623514,36.30649933300447,/Users/mariana/voting-benchmarks/coercion_resistant_voting/experiments/validation/b3-campaigns/screen-6o17tauu/raw/20260915_175202_n101_b3_k100_T5_3796071435,/Users/mariana/voting-benchmarks/coercion_resistant_voting/experiments/validation/b3-campaigns/screen-6o17tauu/tree-final-100k-b3-k100-tree-final-1.log,period-streaming-masked-echo-v3,four-workload-screen
tree-final-100k-b3-k100-tree-final,2,random,101,100000,passed,0,80.923448,30.17293666600017,/Users/mariana/voting-benchmarks/coercion_resistant_voting/experiments/validation/b3-campaigns/screen-6o17tauu/raw/20260915_175238_n101_b3_k100_T5_2208878310,/Users/mariana/voting-benchmarks/coercion_resistant_voting/experiments/validation/b3-campaigns/screen-6o17tauu/tree-final-100k-b3-k100-tree-final-2.log,period-streaming-masked-echo-v3,four-workload-screen
tree-final-100k-b3-k100-tree-final,3,carry,101,100000,passed,0,80.445998,38.114222582953516,/Users/mariana/voting-benchmarks/coercion_resistant_voting/experiments/validation/b3-campaigns/screen-6o17tauu/raw/20260915_175308_n101_b3_k100_T5_3912337068,/Users/mariana/voting-benchmarks/coercion_resistant_voting/experiments/validation/b3-campaigns/screen-6o17tauu/tree-final-100k-b3-k100-tree-final-3.log,period-streaming-masked-echo-v3,four-workload-screen
sequential-none-100k-b3-k100-sequential-none,0,concentrated,101,100000,passed,0,73.820592,134.15370200003963,/Users/mariana/voting-benchmarks/coercion_resistant_voting/experiments/validation/b3-campaigns/screen-6o17tauu/raw/20260915_175346_n101_b3_k100_T5_3177206535,/Users/mariana/voting-benchmarks/coercion_resistant_voting/experiments/validation/b3-campaigns/screen-6o17tauu/sequential-none-100k-b3-k100-sequential-none-0.log,period-streaming-masked-echo-v3,four-workload-screen
sequential-none-100k-b3-k100-sequential-none,1,balanced,101,100000,passed,0,75.057754,46.855180167010985,/Users/mariana/voting-benchmarks/coercion_resistant_voting/experiments/validation/b3-campaigns/screen-6o17tauu/raw/20260915_175600_n101_b3_k100_T5_1269772501,/Users/mariana/voting-benchmarks/coercion_resistant_voting/experiments/validation/b3-campaigns/screen-6o17tauu/sequential-none-100k-b3-k100-sequential-none-1.log,period-streaming-masked-echo-v3,four-workload-screen
sequential-none-100k-b3-k100-sequential-none,2,random,101,100000,passed,0,73.037537,37.942561292031314,/Users/mariana/voting-benchmarks/coercion_resistant_voting/experiments/validation/b3-campaigns/screen-6o17tauu/raw/20260915_175647_n101_b3_k100_T5_4059129413,/Users/mariana/voting-benchmarks/coercion_resistant_voting/experiments/validation/b3-campaigns/screen-6o17tauu/sequential-none-100k-b3-k100-sequential-none-2.log,period-streaming-masked-echo-v3,four-workload-screen
sequential-none-100k-b3-k100-sequential-none,3,carry,101,100000,passed,0,76.827325,48.043035040958785,/Users/mariana/voting-benchmarks/coercion_resistant_voting/experiments/validation/b3-campaigns/screen-6o17tauu/raw/20260915_175725_n101_b3_k100_T5_228241119,/Users/mariana/voting-benchmarks/coercion_resistant_voting/experiments/validation/b3-campaigns/screen-6o17tauu/sequential-none-100k-b3-k100-sequential-none-3.log,period-streaming-masked-echo-v3,four-workload-screen
sequential-final-100k-b3-k100-sequential-final,0,concentrated,101,100000,passed,0,81.012822,21.529282708012033,/Users/mariana/voting-benchmarks/coercion_resistant_voting/experiments/validation/b3-campaigns/screen-6o17tauu/raw/20260915_175813_n101_b3_k100_T5_1612181065,/Users/mariana/voting-benchmarks/coercion_resistant_voting/experiments/validation/b3-campaigns/screen-6o17tauu/sequential-final-100k-b3-k100-sequential-final-0.log,period-streaming-masked-echo-v3,four-workload-screen
sequential-final-100k-b3-k100-sequential-final,1,balanced,101,100000,passed,0,80.167999,24.266462499974295,/Users/mariana/voting-benchmarks/coercion_resistant_voting/experiments/validation/b3-campaigns/screen-6o17tauu/raw/20260915_175835_n101_b3_k100_T5_1111542327,/Users/mariana/voting-benchmarks/coercion_resistant_voting/experiments/validation/b3-campaigns/screen-6o17tauu/sequential-final-100k-b3-k100-sequential-final-1.log,period-streaming-masked-echo-v3,four-workload-screen
sequential-final-100k-b3-k100-sequential-final,2,random,101,100000,passed,0,81.889035,26.165634375007357,/Users/mariana/voting-benchmarks/coercion_resistant_voting/experiments/validation/b3-campaigns/screen-6o17tauu/raw/20260915_175859_n101_b3_k100_T5_1054348824,/Users/mariana/voting-benchmarks/coercion_resistant_voting/experiments/validation/b3-campaigns/screen-6o17tauu/sequential-final-100k-b3-k100-sequential-final-2.log,period-streaming-masked-echo-v3,four-workload-screen
sequential-final-100k-b3-k100-sequential-final,3,carry,101,100000,passed,0,80.038737,18.310258166049607,/Users/mariana/voting-benchmarks/coercion_resistant_voting/experiments/validation/b3-campaigns/screen-6o17tauu/raw/20260915_175925_n101_b3_k100_T5_3455596351,/Users/mariana/voting-benchmarks/coercion_resistant_voting/experiments/validation/b3-campaigns/screen-6o17tauu/sequential-final-100k-b3-k100-sequential-final-3.log,period-streaming-masked-echo-v3,four-workload-screen
sequential-final-100k-b3-k100-sequential-final,0,carry,101,100000,passed,0,82.184311,14.407979624986183,/Users/mariana/voting-benchmarks/coercion_resistant_voting/experiments/validation/b3-campaigns/raw/20260915_171622_n101_b3_k100_T5_3374367790,/Users/mariana/voting-benchmarks/coercion_resistant_voting/experiments/validation/b3-campaigns/b3-k100-sequential-final-100k-k100.log,period-streaming-masked-echo-v3,initial-probe
sequential-final-50k-b3-k100-sequential-final,0,carry,101,50000,passed,0,44.029769,9.232512791000772,/Users/mariana/voting-benchmarks/coercion_resistant_voting/experiments/validation/b3-campaigns/raw/20260915_171636_n101_b3_k100_T5_3709154504,/Users/mariana/voting-benchmarks/coercion_resistant_voting/experiments/validation/b3-campaigns/b3-k100-sequential-final-50k-k100.log,period-streaming-masked-echo-v3,initial-probe
tree-final-100k-b3-k100-tree-final,0,carry,101,100000,passed,0,82.000892,15.235686792002525,/Users/mariana/voting-benchmarks/coercion_resistant_voting/experiments/validation/b3-campaigns/raw/20260915_171753_n101_b3_k100_T5_1923385754,/Users/mariana/voting-benchmarks/coercion_resistant_voting/experiments/validation/b3-campaigns/b3-k100-tree-final-100k-k100.log,period-streaming-masked-echo-v3,initial-probe
tree-final-50k-b3-k100-tree-final,0,carry,101,50000,passed,0,44.533486,10.01304487499874,/Users/mariana/voting-benchmarks/coercion_resistant_voting/experiments/validation/b3-campaigns/raw/20260915_171808_n101_b3_k100_T5_587917827,/Users/mariana/voting-benchmarks/coercion_resistant_voting/experiments/validation/b3-campaigns/b3-k100-tree-final-50k-k100.log,period-streaming-masked-echo-v3,initial-probe
tree-none-100k-b3-k100-tree-none,0,carry,101,100000,passed,0,49.372974,36.85719945904566,/Users/mariana/voting-benchmarks/coercion_resistant_voting/experiments/validation/b3-campaigns/raw/20260915_171818_n101_b3_k100_T5_785860502,/Users/mariana/voting-benchmarks/coercion_resistant_voting/experiments/validation/b3-campaigns/b3-k100-tree-none-100k-k100.log,period-streaming-masked-echo-v3,initial-probe
sequential-final-1M-b3-k5-sequential-final,0,carry,6,1000000,passed,0,136.175971,8.787164916982874,/Users/mariana/voting-benchmarks/coercion_resistant_voting/experiments/validation/b3-campaigns/raw/20260915_171937_n6_b3_k5_T5_3892418104,/Users/mariana/voting-benchmarks/coercion_resistant_voting/experiments/validation/b3-campaigns/b3-k5-sequential-final-1M-k5.log,period-streaming-masked-echo-v3,initial-probe
sequential-none-1M-b3-k5-sequential-none,0,carry,6,1000000,passed,0,63.33811,19.27644520800095,/Users/mariana/voting-benchmarks/coercion_resistant_voting/experiments/validation/b3-campaigns/raw/20260915_171946_n6_b3_k5_T5_1714053879,/Users/mariana/voting-benchmarks/coercion_resistant_voting/experiments/validation/b3-campaigns/b3-k5-sequential-none-1M-k5.log,period-streaming-masked-echo-v3,initial-probe
sequential-none-t65537-b3-k5-sequential-none,0,carry,6,50000,failed,2,1.595215,19.008870832971297,/Users/mariana/voting-benchmarks/coercion_resistant_voting/experiments/validation/b3-campaigns/raw/20260915_172005_n6_b3_k5_T5_2944118742,/Users/mariana/voting-benchmarks/coercion_resistant_voting/experiments/validation/b3-campaigns/aligned-final-sequential-none-t65537-k5.log,period-streaming-masked-echo-v3,initial-probe
sequential-none-t786433-b3-k5-sequential-none,0,carry,6,500000,failed,2,12.836376,21.108182583004236,/Users/mariana/voting-benchmarks/coercion_resistant_voting/experiments/validation/b3-campaigns/raw/20260915_172024_n6_b3_k5_T5_895814215,/Users/mariana/voting-benchmarks/coercion_resistant_voting/experiments/validation/b3-campaigns/aligned-final-sequential-none-t786433-k5.log,period-streaming-masked-echo-v3,initial-probe
sequential-final-t65537-b3-k5-sequential-final,0,carry,6,50000,passed,0,48.429709,19.33945433300687,/Users/mariana/voting-benchmarks/coercion_resistant_voting/experiments/validation/b3-campaigns/raw/20260915_172045_n6_b3_k5_T5_1636681825,/Users/mariana/voting-benchmarks/coercion_resistant_voting/experiments/validation/b3-campaigns/aligned-final-sequential-final-t65537-k5.log,period-streaming-masked-echo-v3,initial-probe
sequential-final-t786433-b3-k5-sequential-final,0,carry,6,500000,passed,0,83.263938,10.7580608749995,/Users/mariana/voting-benchmarks/coercion_resistant_voting/experiments/validation/b3-campaigns/raw/20260915_172105_n6_b3_k5_T5_3238652367,/Users/mariana/voting-benchmarks/coercion_resistant_voting/experiments/validation/b3-campaigns/aligned-final-sequential-final-t786433-k5.log,period-streaming-masked-echo-v3,initial-probe
