family,repetition,workload,probe_n,target_n,status,exit_code,min_margin_bits,elapsed_seconds,run_directory,log,tally_flow,parameter_file
sequential-final-t65537-b5-k5-sequential-final,10,random,6,1000,passed,0,58.913052,4.032673249996151,experiments/validation/final-refresh-20260908/raw/20260908_183818_n6_b5_k5_T5_432586675,experiments/validation/final-refresh-20260908/sequential-collective-n1000-q288-random-10.log,period-streaming-shared-mask-v2,parameters/aligned-final/sequential-final-t65537.json
sequential-final-t65537-b5-k5-sequential-final,10,random,6,10000,passed,0,53.588021,4.229811750003137,experiments/validation/final-refresh-20260908/raw/20260908_183934_n6_b5_k5_T5_2457939396,experiments/validation/final-refresh-20260908/sequential-collective-n10000-q288-random-10.log,period-streaming-shared-mask-v2,parameters/aligned-final/sequential-final-t65537.json
sequential-final-t786433-b5-k5-sequential-final,10,random,6,100000,passed,0,85.731868,6.273227999998198,experiments/validation/final-refresh-20260908/raw/20260908_184133_n6_b5_k5_T5_2796076910,experiments/validation/final-refresh-20260908/sequential-collective-n100000-q360p120-random-10.log,period-streaming-shared-mask-v2,parameters/aligned-final/sequential-final-t786433.json
sequential-final-t65537-b5-k5-sequential-final,0,concentrated,6,200,passed,0,59.054283,4.099714916999801,experiments/validation/final-refresh-20260908/raw/20260908_182923_n6_b5_k5_T5_1647887197,experiments/validation/final-refresh-20260908/sequential-collective-n200-q288-concentrated-0.log,period-streaming-shared-mask-v2,parameters/aligned-final/sequential-final-t65537.json
sequential-final-t65537-b5-k5-sequential-final,10,random,6,200,passed,0,56.278229,4.046979457998532,experiments/validation/final-refresh-20260908/raw/20260908_183659_n6_b5_k5_T5_738469979,experiments/validation/final-refresh-20260908/sequential-collective-n200-q288-random-10.log,period-streaming-shared-mask-v2,parameters/aligned-final/sequential-final-t65537.json
sequential-final-t65537-b5-k5-sequential-final,10,random,6,25000,passed,0,50.176764,4.024124417002895,experiments/validation/final-refresh-20260908/raw/20260908_184014_n6_b5_k5_T5_3909502846,experiments/validation/final-refresh-20260908/sequential-collective-n25000-q288-random-10.log,period-streaming-shared-mask-v2,parameters/aligned-final/sequential-final-t65537.json
sequential-final-t65537-b5-k5-sequential-final,10,random,6,500,passed,0,56.521287,4.3368706250039395,experiments/validation/final-refresh-20260908/raw/20260908_183738_n6_b5_k5_T5_3880072282,experiments/validation/final-refresh-20260908/sequential-collective-n500-q288-random-10.log,period-streaming-shared-mask-v2,parameters/aligned-final/sequential-final-t65537.json
sequential-final-t65537-b5-k5-sequential-final,10,random,6,5000,passed,0,55.987449,4.0336322500006645,experiments/validation/final-refresh-20260908/raw/20260908_183855_n6_b5_k5_T5_522580736,experiments/validation/final-refresh-20260908/sequential-collective-n5000-q288-random-10.log,period-streaming-shared-mask-v2,parameters/aligned-final/sequential-final-t65537.json
sequential-final-t65537-b5-k5-sequential-final,20,balanced,6,50000,passed,0,48.865934,4.413741166994441,experiments/validation/final-refresh-20260908/raw/20260908_184552_n6_b5_k5_T5_2546372651,experiments/validation/final-refresh-20260908/sequential-collective-n50000-q288-balanced-20.log,period-streaming-shared-mask-v2,parameters/aligned-final/sequential-final-t65537.json
sequential-final-t65537-b5-k5-sequential-final,21,carry,6,50000,passed,0,48.566206,4.2229971250053495,experiments/validation/final-refresh-20260908/raw/20260908_184556_n6_b5_k5_T5_774005085,experiments/validation/final-refresh-20260908/sequential-collective-n50000-q288-carry-21.log,period-streaming-shared-mask-v2,parameters/aligned-final/sequential-final-t65537.json
sequential-final-t65537-b5-k5-sequential-final,10,random,6,50000,passed,0,49.514773,4.17175029200007,experiments/validation/final-refresh-20260908/raw/20260908_184052_n6_b5_k5_T5_1302901130,experiments/validation/final-refresh-20260908/sequential-collective-n50000-q288-random-10.log,period-streaming-shared-mask-v2,parameters/aligned-final/sequential-final-t65537.json
sequential-final-t786433-b5-k5-sequential-final,20,balanced,6,500000,passed,0,81.827108,6.282160374998057,experiments/validation/final-refresh-20260908/raw/20260908_184714_n6_b5_k5_T5_514808674,experiments/validation/final-refresh-20260908/sequential-collective-n500000-q360p120-balanced-20.log,period-streaming-shared-mask-v2,parameters/aligned-final/sequential-final-t786433.json
sequential-final-t786433-b5-k5-sequential-final,21,carry,6,500000,passed,0,79.462537,6.245450833004725,experiments/validation/final-refresh-20260908/raw/20260908_184720_n6_b5_k5_T5_2407574409,experiments/validation/final-refresh-20260908/sequential-collective-n500000-q360p120-carry-21.log,period-streaming-shared-mask-v2,parameters/aligned-final/sequential-final-t786433.json
sequential-final-t786433-b5-k5-sequential-final,0,concentrated,6,500000,passed,0,81.097976,6.353312166000251,experiments/validation/final-refresh-20260908/raw/20260908_183115_n6_b5_k5_T5_474557272,experiments/validation/final-refresh-20260908/sequential-collective-n500000-q360p120-concentrated-0.log,period-streaming-shared-mask-v2,parameters/aligned-final/sequential-final-t786433.json
sequential-final-t786433-b5-k5-sequential-final,10,random,6,500000,passed,0,82.265574,6.339543083005992,experiments/validation/final-refresh-20260908/raw/20260908_184216_n6_b5_k5_T5_621423365,experiments/validation/final-refresh-20260908/sequential-collective-n500000-q360p120-random-10.log,period-streaming-shared-mask-v2,parameters/aligned-final/sequential-final-t786433.json
sequential-none-t65537-b5-k5-sequential-none,10,random,6,1000,passed,0,41.323522,13.601433750001888,experiments/validation/final-refresh-20260908/raw/20260908_183804_n6_b5_k5_T5_3789677944,experiments/validation/final-refresh-20260908/sequential-none-n1000-q416-random-10.log,period-streaming-shared-mask-v2,parameters/aligned-final/sequential-none-t65537.json
sequential-none-t65537-b5-k5-sequential-none,10,random,6,10000,passed,0,35.403881,14.155206041003112,experiments/validation/final-refresh-20260908/raw/20260908_183920_n6_b5_k5_T5_4029338592,experiments/validation/final-refresh-20260908/sequential-none-n10000-q416-random-10.log,period-streaming-shared-mask-v2,parameters/aligned-final/sequential-none-t65537.json
sequential-none-t786433-b5-k5-sequential-none,10,random,6,100000,passed,0,47.904054,13.331028082997364,experiments/validation/final-refresh-20260908/raw/20260908_184120_n6_b5_k5_T5_434783465,experiments/validation/final-refresh-20260908/sequential-none-n100000-q480-random-10.log,period-streaming-shared-mask-v2,parameters/aligned-final/sequential-none-t786433.json
sequential-none-t65537-b5-k5-sequential-none,10,random,6,200,passed,0,41.026703,13.680655500000285,experiments/validation/final-refresh-20260908/raw/20260908_183646_n6_b5_k5_T5_2909340141,experiments/validation/final-refresh-20260908/sequential-none-n200-q416-random-10.log,period-streaming-shared-mask-v2,parameters/aligned-final/sequential-none-t65537.json
sequential-none-t65537-b5-k5-sequential-none,10,random,6,25000,passed,0,31.245886,14.144478666996292,experiments/validation/final-refresh-20260908/raw/20260908_183959_n6_b5_k5_T5_597672988,experiments/validation/final-refresh-20260908/sequential-none-n25000-q416-random-10.log,period-streaming-shared-mask-v2,parameters/aligned-final/sequential-none-t65537.json
sequential-none-t65537-b5-k5-sequential-none,10,random,6,500,passed,0,40.841255,14.510650500000338,experiments/validation/final-refresh-20260908/raw/20260908_183724_n6_b5_k5_T5_3713558193,experiments/validation/final-refresh-20260908/sequential-none-n500-q416-random-10.log,period-streaming-shared-mask-v2,parameters/aligned-final/sequential-none-t65537.json
sequential-none-t65537-b5-k5-sequential-none,10,random,6,5000,passed,0,37.670554,13.49165095799981,experiments/validation/final-refresh-20260908/raw/20260908_183842_n6_b5_k5_T5_3645126077,experiments/validation/final-refresh-20260908/sequential-none-n5000-q416-random-10.log,period-streaming-shared-mask-v2,parameters/aligned-final/sequential-none-t65537.json
sequential-none-t65537-b5-k5-sequential-none,20,balanced,6,50000,passed,0,28.212461,15.53442354100116,experiments/validation/final-refresh-20260908/raw/20260908_184521_n6_b5_k5_T5_1260233537,experiments/validation/final-refresh-20260908/sequential-none-n50000-q416-balanced-20.log,period-streaming-shared-mask-v2,parameters/aligned-final/sequential-none-t65537.json
sequential-none-t65537-b5-k5-sequential-none,1,carry,6,50000,passed,0,31.156142,13.213088249998691,experiments/validation/final-refresh-20260908/raw/20260908_183137_n6_b5_k5_T5_2378195398,experiments/validation/final-refresh-20260908/sequential-none-n50000-q416-carry-1.log,period-streaming-shared-mask-v2,parameters/aligned-final/sequential-none-t65537.json
sequential-none-t65537-b5-k5-sequential-none,21,carry,6,50000,passed,0,28.565634,14.937335791997612,experiments/validation/final-refresh-20260908/raw/20260908_184537_n6_b5_k5_T5_2120557036,experiments/validation/final-refresh-20260908/sequential-none-n50000-q416-carry-21.log,period-streaming-shared-mask-v2,parameters/aligned-final/sequential-none-t65537.json
sequential-none-t65537-b5-k5-sequential-none,10,random,6,50000,passed,0,29.375053,13.894209416001104,experiments/validation/final-refresh-20260908/raw/20260908_184038_n6_b5_k5_T5_1854458606,experiments/validation/final-refresh-20260908/sequential-none-n50000-q416-random-10.log,period-streaming-shared-mask-v2,parameters/aligned-final/sequential-none-t65537.json
sequential-none-t786433-b5-k5-sequential-none,20,balanced,6,500000,passed,0,43.321605,13.324306458001956,experiments/validation/final-refresh-20260908/raw/20260908_184647_n6_b5_k5_T5_3204151596,experiments/validation/final-refresh-20260908/sequential-none-n500000-q480-balanced-20.log,period-streaming-shared-mask-v2,parameters/aligned-final/sequential-none-t786433.json
sequential-none-t786433-b5-k5-sequential-none,1,carry,6,500000,passed,0,44.330509,13.474829625003622,experiments/validation/final-refresh-20260908/raw/20260908_183151_n6_b5_k5_T5_4172080118,experiments/validation/final-refresh-20260908/sequential-none-n500000-q480-carry-1.log,period-streaming-shared-mask-v2,parameters/aligned-final/sequential-none-t786433.json
sequential-none-t786433-b5-k5-sequential-none,21,carry,6,500000,passed,0,44.678816,13.410064165997028,experiments/validation/final-refresh-20260908/raw/20260908_184701_n6_b5_k5_T5_609536380,experiments/validation/final-refresh-20260908/sequential-none-n500000-q480-carry-21.log,period-streaming-shared-mask-v2,parameters/aligned-final/sequential-none-t786433.json
sequential-none-t786433-b5-k5-sequential-none,10,random,6,500000,passed,0,44.822269,13.364164167003764,experiments/validation/final-refresh-20260908/raw/20260908_184203_n6_b5_k5_T5_549628593,experiments/validation/final-refresh-20260908/sequential-none-n500000-q480-random-10.log,period-streaming-shared-mask-v2,parameters/aligned-final/sequential-none-t786433.json
tree-final-t65537-b5-k5-tree-final,10,random,6,1000,passed,0,58.40673,4.825714834005339,experiments/validation/final-refresh-20260908/raw/20260908_183759_n6_b5_k5_T5_2702296865,experiments/validation/final-refresh-20260908/tree-collective-n1000-q288-random-10.log,period-streaming-shared-mask-v2,parameters/aligned-final/tree-final-t65537.json
tree-final-t65537-b5-k5-tree-final,10,random,6,10000,passed,0,53.4936,4.773780666997482,experiments/validation/final-refresh-20260908/raw/20260908_183915_n6_b5_k5_T5_153204985,experiments/validation/final-refresh-20260908/tree-collective-n10000-q288-random-10.log,period-streaming-shared-mask-v2,parameters/aligned-final/tree-final-t65537.json
tree-final-t786433-b5-k5-tree-final,10,random,6,100000,passed,0,85.884802,7.6979754170024535,experiments/validation/final-refresh-20260908/raw/20260908_184112_n6_b5_k5_T5_3790219754,experiments/validation/final-refresh-20260908/tree-collective-n100000-q360p120-random-10.log,period-streaming-shared-mask-v2,parameters/aligned-final/tree-final-t786433.json
tree-final-t65537-b5-k5-tree-final,0,concentrated,6,200,passed,0,58.004313,4.817814832997101,experiments/validation/final-refresh-20260908/raw/20260908_182918_n6_b5_k5_T5_4033977245,experiments/validation/final-refresh-20260908/tree-collective-n200-q288-concentrated-0.log,period-streaming-shared-mask-v2,parameters/aligned-final/tree-final-t65537.json
tree-final-t65537-b5-k5-tree-final,10,random,6,200,passed,0,57.697243,4.813106041998253,experiments/validation/final-refresh-20260908/raw/20260908_183641_n6_b5_k5_T5_2181681404,experiments/validation/final-refresh-20260908/tree-collective-n200-q288-random-10.log,period-streaming-shared-mask-v2,parameters/aligned-final/tree-final-t65537.json
tree-final-t65537-b5-k5-tree-final,10,random,6,25000,passed,0,54.028211,4.766665250004735,experiments/validation/final-refresh-20260908/raw/20260908_183955_n6_b5_k5_T5_2368180195,experiments/validation/final-refresh-20260908/tree-collective-n25000-q288-random-10.log,period-streaming-shared-mask-v2,parameters/aligned-final/tree-final-t65537.json
tree-final-t65537-b5-k5-tree-final,10,random,6,500,passed,0,58.421053,4.687629291998746,experiments/validation/final-refresh-20260908/raw/20260908_183719_n6_b5_k5_T5_2624444548,experiments/validation/final-refresh-20260908/tree-collective-n500-q288-random-10.log,period-streaming-shared-mask-v2,parameters/aligned-final/tree-final-t65537.json
tree-final-t65537-b5-k5-tree-final,10,random,6,5000,passed,0,55.201419,4.6958990409984835,experiments/validation/final-refresh-20260908/raw/20260908_183837_n6_b5_k5_T5_3730487578,experiments/validation/final-refresh-20260908/tree-collective-n5000-q288-random-10.log,period-streaming-shared-mask-v2,parameters/aligned-final/tree-final-t65537.json
tree-final-t65537-b5-k5-tree-final,20,balanced,6,50000,passed,0,51.910438,5.122332582999661,experiments/validation/final-refresh-20260908/raw/20260908_184511_n6_b5_k5_T5_1884626170,experiments/validation/final-refresh-20260908/tree-collective-n50000-q288-balanced-20.log,period-streaming-shared-mask-v2,parameters/aligned-final/tree-final-t65537.json
tree-final-t65537-b5-k5-tree-final,21,carry,6,50000,passed,0,49.804907,5.227521166001679,experiments/validation/final-refresh-20260908/raw/20260908_184516_n6_b5_k5_T5_2645773449,experiments/validation/final-refresh-20260908/tree-collective-n50000-q288-carry-21.log,period-streaming-shared-mask-v2,parameters/aligned-final/tree-final-t65537.json
tree-final-t65537-b5-k5-tree-final,10,random,6,50000,passed,0,47.702018,4.775681166996947,experiments/validation/final-refresh-20260908/raw/20260908_184034_n6_b5_k5_T5_3252171895,experiments/validation/final-refresh-20260908/tree-collective-n50000-q288-random-10.log,period-streaming-shared-mask-v2,parameters/aligned-final/tree-final-t65537.json
tree-final-t786433-b5-k5-tree-final,20,balanced,6,500000,passed,0,80.171103,7.7218138329990325,experiments/validation/final-refresh-20260908/raw/20260908_184632_n6_b5_k5_T5_2823165426,experiments/validation/final-refresh-20260908/tree-collective-n500000-q360p120-balanced-20.log,period-streaming-shared-mask-v2,parameters/aligned-final/tree-final-t786433.json
tree-final-t786433-b5-k5-tree-final,21,carry,6,500000,passed,0,80.258753,7.678827249997994,experiments/validation/final-refresh-20260908/raw/20260908_184640_n6_b5_k5_T5_1639960843,experiments/validation/final-refresh-20260908/tree-collective-n500000-q360p120-carry-21.log,period-streaming-shared-mask-v2,parameters/aligned-final/tree-final-t786433.json
tree-final-t786433-b5-k5-tree-final,0,concentrated,6,500000,passed,0,81.1885,7.702651291998336,experiments/validation/final-refresh-20260908/raw/20260908_183108_n6_b5_k5_T5_263501606,experiments/validation/final-refresh-20260908/tree-collective-n500000-q360p120-concentrated-0.log,period-streaming-shared-mask-v2,parameters/aligned-final/tree-final-t786433.json
tree-final-t786433-b5-k5-tree-final,10,random,6,500000,passed,0,80.620025,7.697553917001642,experiments/validation/final-refresh-20260908/raw/20260908_184155_n6_b5_k5_T5_113379122,experiments/validation/final-refresh-20260908/tree-collective-n500000-q360p120-random-10.log,period-streaming-shared-mask-v2,parameters/aligned-final/tree-final-t786433.json
tree-none-t65537-b5-k5-tree-none,10,random,6,1000,passed,0,38.287797,16.391931125006522,experiments/validation/final-refresh-20260908/raw/20260908_183743_n6_b5_k5_T5_1764564365,experiments/validation/final-refresh-20260908/tree-none-n1000-q384-random-10.log,period-streaming-shared-mask-v2,parameters/aligned-final/tree-none-t65537.json
tree-none-t65537-b5-k5-tree-none,10,random,6,10000,passed,0,31.764563,15.511744250004995,experiments/validation/final-refresh-20260908/raw/20260908_183859_n6_b5_k5_T5_4042058672,experiments/validation/final-refresh-20260908/tree-none-n10000-q384-random-10.log,period-streaming-shared-mask-v2,parameters/aligned-final/tree-none-t65537.json
tree-none-t786433-b5-k5-tree-none,10,random,6,100000,passed,0,46.285395,15.791238124998927,experiments/validation/final-refresh-20260908/raw/20260908_184056_n6_b5_k5_T5_460269365,experiments/validation/final-refresh-20260908/tree-none-n100000-q440-random-10.log,period-streaming-shared-mask-v2,parameters/aligned-final/tree-none-t786433.json
tree-none-t65537-b5-k5-tree-none,0,concentrated,6,200,passed,0,41.12675,15.84035595900059,experiments/validation/final-refresh-20260908/raw/20260908_182936_n6_b5_k5_T5_2354273478,experiments/validation/final-refresh-20260908/tree-none-n200-q384-concentrated-0.log,period-streaming-shared-mask-v2,parameters/aligned-final/tree-none-t65537.json
tree-none-t65537-b5-k5-tree-none,10,random,6,200,passed,0,42.069485,16.08397462499852,experiments/validation/final-refresh-20260908/raw/20260908_183625_n6_b5_k5_T5_2230393177,experiments/validation/final-refresh-20260908/tree-none-n200-q384-random-10.log,period-streaming-shared-mask-v2,parameters/aligned-final/tree-none-t65537.json
tree-none-t65537-b5-k5-tree-none,10,random,6,25000,passed,0,30.138335,16.62135195799783,experiments/validation/final-refresh-20260908/raw/20260908_183938_n6_b5_k5_T5_561404113,experiments/validation/final-refresh-20260908/tree-none-n25000-q384-random-10.log,period-streaming-shared-mask-v2,parameters/aligned-final/tree-none-t65537.json
tree-none-t65537-b5-k5-tree-none,10,random,6,500,passed,0,38.602612,15.76906237500225,experiments/validation/final-refresh-20260908/raw/20260908_183703_n6_b5_k5_T5_1989510191,experiments/validation/final-refresh-20260908/tree-none-n500-q384-random-10.log,period-streaming-shared-mask-v2,parameters/aligned-final/tree-none-t65537.json
tree-none-t65537-b5-k5-tree-none,10,random,6,5000,passed,0,36.143114,15.471791333999136,experiments/validation/final-refresh-20260908/raw/20260908_183822_n6_b5_k5_T5_3475284478,experiments/validation/final-refresh-20260908/tree-none-n5000-q384-random-10.log,period-streaming-shared-mask-v2,parameters/aligned-final/tree-none-t65537.json
tree-none-t65537-b5-k5-tree-none,20,balanced,6,50000,passed,0,32.010106,16.082219541996892,experiments/validation/final-refresh-20260908/raw/20260908_184437_n6_b5_k5_T5_1306148848,experiments/validation/final-refresh-20260908/tree-none-n50000-q384-balanced-20.log,period-streaming-shared-mask-v2,parameters/aligned-final/tree-none-t65537.json
tree-none-t65537-b5-k5-tree-none,1,carry,6,50000,passed,0,29.169377,15.861347416997887,experiments/validation/final-refresh-20260908/raw/20260908_183122_n6_b5_k5_T5_760184806,experiments/validation/final-refresh-20260908/tree-none-n50000-q384-carry-1.log,period-streaming-shared-mask-v2,parameters/aligned-final/tree-none-t65537.json
tree-none-t65537-b5-k5-tree-none,21,carry,6,50000,passed,0,28.125812,17.975170625002647,experiments/validation/final-refresh-20260908/raw/20260908_184453_n6_b5_k5_T5_3582384583,experiments/validation/final-refresh-20260908/tree-none-n50000-q384-carry-21.log,period-streaming-shared-mask-v2,parameters/aligned-final/tree-none-t65537.json
tree-none-t65537-b5-k5-tree-none,10,random,6,50000,passed,0,32.322786,16.003495666998788,experiments/validation/final-refresh-20260908/raw/20260908_184018_n6_b5_k5_T5_2769699490,experiments/validation/final-refresh-20260908/tree-none-n50000-q384-random-10.log,period-streaming-shared-mask-v2,parameters/aligned-final/tree-none-t65537.json
tree-none-t786433-b5-k5-tree-none,20,balanced,6,500000,passed,0,37.663543,15.649757874998613,experiments/validation/final-refresh-20260908/raw/20260908_184601_n6_b5_k5_T5_1851457814,experiments/validation/final-refresh-20260908/tree-none-n500000-q440-balanced-20.log,period-streaming-shared-mask-v2,parameters/aligned-final/tree-none-t786433.json
tree-none-t786433-b5-k5-tree-none,1,carry,6,500000,passed,0,38.199796,15.75040433400136,experiments/validation/final-refresh-20260908/raw/20260908_183204_n6_b5_k5_T5_2743845083,experiments/validation/final-refresh-20260908/tree-none-n500000-q440-carry-1.log,period-streaming-shared-mask-v2,parameters/aligned-final/tree-none-t786433.json
tree-none-t786433-b5-k5-tree-none,21,carry,6,500000,passed,0,40.609086,15.793168458003493,experiments/validation/final-refresh-20260908/raw/20260908_184616_n6_b5_k5_T5_2454257870,experiments/validation/final-refresh-20260908/tree-none-n500000-q440-carry-21.log,period-streaming-shared-mask-v2,parameters/aligned-final/tree-none-t786433.json
tree-none-t786433-b5-k5-tree-none,0,concentrated,6,500000,passed,0,38.743051,16.176313833006134,experiments/validation/final-refresh-20260908/raw/20260908_182815_n6_b5_k5_T5_467013684,experiments/validation/final-refresh-20260908/tree-none-n500000-q440-concentrated-0.log,period-streaming-shared-mask-v2,parameters/aligned-final/tree-none-t786433.json
tree-none-t786433-b5-k5-tree-none,10,random,6,500000,passed,0,37.595551,15.671673333003127,experiments/validation/final-refresh-20260908/raw/20260908_184140_n6_b5_k5_T5_4261569596,experiments/validation/final-refresh-20260908/tree-none-n500000-q440-random-10.log,period-streaming-shared-mask-v2,parameters/aligned-final/tree-none-t786433.json
