experiment_id,parameter_id,metric,samples,median,min,max
n200-b5-k5-sequential-none,b6d32fd776351a6027da236e563922da498bf63e403203fc0a96688b1faba823,component:4.1-aggregate-initialization:cpu_ms,3,569.983,568.415,583.3
n200-b5-k5-sequential-none,b6d32fd776351a6027da236e563922da498bf63e403203fc0a96688b1faba823,component:4.1-aggregate-initialization:wall_ms,3,494.558,494.495,509.163
n200-b5-k5-sequential-none,b6d32fd776351a6027da236e563922da498bf63e403203fc0a96688b1faba823,component:4.1-server-aggregation:cpu_ms,3,2181.266,2018.059,2394.364
n200-b5-k5-sequential-none,b6d32fd776351a6027da236e563922da498bf63e403203fc0a96688b1faba823,component:4.1-server-aggregation:wall_ms,3,2170.0,1995.064,2377.458
n200-b5-k5-sequential-none,b6d32fd776351a6027da236e563922da498bf63e403203fc0a96688b1faba823,component:4.1-simulated-client-input-preparation:cpu_ms,3,109845.301,109241.553,111386.974
n200-b5-k5-sequential-none,b6d32fd776351a6027da236e563922da498bf63e403203fc0a96688b1faba823,component:4.1-simulated-client-input-preparation:wall_ms,3,108507.264,107942.336,110023.653
n200-b5-k5-sequential-none,b6d32fd776351a6027da236e563922da498bf63e403203fc0a96688b1faba823,component:multiparty:galois-key-generation:cpu_ms,3,14817.506,14503.062,15274.6
n200-b5-k5-sequential-none,b6d32fd776351a6027da236e563922da498bf63e403203fc0a96688b1faba823,component:multiparty:galois-key-generation:wall_ms,3,14541.65,14226.048,14987.329
n200-b5-k5-sequential-none,b6d32fd776351a6027da236e563922da498bf63e403203fc0a96688b1faba823,component:multiparty:public-key-generation:cpu_ms,3,52.167,51.021,52.834
n200-b5-k5-sequential-none,b6d32fd776351a6027da236e563922da498bf63e403203fc0a96688b1faba823,component:multiparty:public-key-generation:wall_ms,3,45.856,44.703,46.667
n200-b5-k5-sequential-none,b6d32fd776351a6027da236e563922da498bf63e403203fc0a96688b1faba823,component:multiparty:relinearization-key-generation:cpu_ms,3,804.349,796.812,840.769
n200-b5-k5-sequential-none,b6d32fd776351a6027da236e563922da498bf63e403203fc0a96688b1faba823,component:multiparty:relinearization-key-generation:wall_ms,3,773.908,768.266,811.389
n200-b5-k5-sequential-none,b6d32fd776351a6027da236e563922da498bf63e403203fc0a96688b1faba823,component:multiparty:threshold-decryption:cpu_ms,3,62.48,57.935,62.853
n200-b5-k5-sequential-none,b6d32fd776351a6027da236e563922da498bf63e403203fc0a96688b1faba823,component:multiparty:threshold-decryption:wall_ms,3,34.9,32.614,36.487
n200-b5-k5-sequential-none,b6d32fd776351a6027da236e563922da498bf63e403203fc0a96688b1faba823,multiparty_tally_wall_ms,3,0.0,0.0,0.0
n200-b5-k5-sequential-none,b6d32fd776351a6027da236e563922da498bf63e403203fc0a96688b1faba823,phase:1-init-random-inputs:cpu_ms,3,0.484,0.476,0.502
n200-b5-k5-sequential-none,b6d32fd776351a6027da236e563922da498bf63e403203fc0a96688b1faba823,phase:1-init-random-inputs:multiparty_cpu_ms,3,0.0,0.0,0.0
n200-b5-k5-sequential-none,b6d32fd776351a6027da236e563922da498bf63e403203fc0a96688b1faba823,phase:1-init-random-inputs:multiparty_wall_ms,3,0.0,0.0,0.0
n200-b5-k5-sequential-none,b6d32fd776351a6027da236e563922da498bf63e403203fc0a96688b1faba823,phase:1-init-random-inputs:wall_ms,3,0.477,0.47,0.502
n200-b5-k5-sequential-none,b6d32fd776351a6027da236e563922da498bf63e403203fc0a96688b1faba823,phase:2-bgv-setup:cpu_ms,3,15765.867,15457.977,16260.694
n200-b5-k5-sequential-none,b6d32fd776351a6027da236e563922da498bf63e403203fc0a96688b1faba823,phase:2-bgv-setup:multiparty_cpu_ms,3,15665.339,15359.578,16168.203
n200-b5-k5-sequential-none,b6d32fd776351a6027da236e563922da498bf63e403203fc0a96688b1faba823,phase:2-bgv-setup:multiparty_wall_ms,3,15354.62,15045.812,15845.385
n200-b5-k5-sequential-none,b6d32fd776351a6027da236e563922da498bf63e403203fc0a96688b1faba823,phase:2-bgv-setup:wall_ms,3,15435.487,15117.74,15916.614
n200-b5-k5-sequential-none,b6d32fd776351a6027da236e563922da498bf63e403203fc0a96688b1faba823,phase:3-pre-election-weight-input-preparation:cpu_ms,3,68.052,67.167,70.2
n200-b5-k5-sequential-none,b6d32fd776351a6027da236e563922da498bf63e403203fc0a96688b1faba823,phase:3-pre-election-weight-input-preparation:multiparty_cpu_ms,3,0.0,0.0,0.0
n200-b5-k5-sequential-none,b6d32fd776351a6027da236e563922da498bf63e403203fc0a96688b1faba823,phase:3-pre-election-weight-input-preparation:multiparty_wall_ms,3,0.0,0.0,0.0
n200-b5-k5-sequential-none,b6d32fd776351a6027da236e563922da498bf63e403203fc0a96688b1faba823,phase:3-pre-election-weight-input-preparation:wall_ms,3,54.958,53.614,57.343
n200-b5-k5-sequential-none,b6d32fd776351a6027da236e563922da498bf63e403203fc0a96688b1faba823,phase:4.1-streamed-input-reception-and-aggregation:cpu_ms,3,112636.23099999999,111854.64,114374.829
n200-b5-k5-sequential-none,b6d32fd776351a6027da236e563922da498bf63e403203fc0a96688b1faba823,phase:4.1-streamed-input-reception-and-aggregation:multiparty_cpu_ms,3,0.0,0.0,0.0
n200-b5-k5-sequential-none,b6d32fd776351a6027da236e563922da498bf63e403203fc0a96688b1faba823,phase:4.1-streamed-input-reception-and-aggregation:multiparty_wall_ms,3,0.0,0.0,0.0
n200-b5-k5-sequential-none,b6d32fd776351a6027da236e563922da498bf63e403203fc0a96688b1faba823,phase:4.1-streamed-input-reception-and-aggregation:wall_ms,3,111240.44499999999,110490.356,112952.57699999999
n200-b5-k5-sequential-none,b6d32fd776351a6027da236e563922da498bf63e403203fc0a96688b1faba823,phase:4.2-tally-periodic-echo-sequential:cpu_ms,3,2030.429,1988.725,2092.92
n200-b5-k5-sequential-none,b6d32fd776351a6027da236e563922da498bf63e403203fc0a96688b1faba823,phase:4.2-tally-periodic-echo-sequential:multiparty_cpu_ms,3,0.0,0.0,0.0
n200-b5-k5-sequential-none,b6d32fd776351a6027da236e563922da498bf63e403203fc0a96688b1faba823,phase:4.2-tally-periodic-echo-sequential:multiparty_wall_ms,3,0.0,0.0,0.0
n200-b5-k5-sequential-none,b6d32fd776351a6027da236e563922da498bf63e403203fc0a96688b1faba823,phase:4.2-tally-periodic-echo-sequential:wall_ms,3,1626.1840000000002,1619.0469999999998,1644.595
n200-b5-k5-sequential-none,b6d32fd776351a6027da236e563922da498bf63e403203fc0a96688b1faba823,phase:4.3-tally-lagrange-indicator:cpu_ms,3,1336.723,1319.376,1363.236
n200-b5-k5-sequential-none,b6d32fd776351a6027da236e563922da498bf63e403203fc0a96688b1faba823,phase:4.3-tally-lagrange-indicator:multiparty_cpu_ms,3,0.0,0.0,0.0
n200-b5-k5-sequential-none,b6d32fd776351a6027da236e563922da498bf63e403203fc0a96688b1faba823,phase:4.3-tally-lagrange-indicator:multiparty_wall_ms,3,0.0,0.0,0.0
n200-b5-k5-sequential-none,b6d32fd776351a6027da236e563922da498bf63e403203fc0a96688b1faba823,phase:4.3-tally-lagrange-indicator:wall_ms,3,1319.122,1307.475,1344.512
n200-b5-k5-sequential-none,b6d32fd776351a6027da236e563922da498bf63e403203fc0a96688b1faba823,phase:4.4-tally-delegate-support:cpu_ms,3,1325.086,1223.301,1369.174
n200-b5-k5-sequential-none,b6d32fd776351a6027da236e563922da498bf63e403203fc0a96688b1faba823,phase:4.4-tally-delegate-support:multiparty_cpu_ms,3,0.0,0.0,0.0
n200-b5-k5-sequential-none,b6d32fd776351a6027da236e563922da498bf63e403203fc0a96688b1faba823,phase:4.4-tally-delegate-support:multiparty_wall_ms,3,0.0,0.0,0.0
n200-b5-k5-sequential-none,b6d32fd776351a6027da236e563922da498bf63e403203fc0a96688b1faba823,phase:4.4-tally-delegate-support:wall_ms,3,1315.722,1214.647,1353.196
n200-b5-k5-sequential-none,b6d32fd776351a6027da236e563922da498bf63e403203fc0a96688b1faba823,phase:4.5-tally-dTilde:cpu_ms,3,454.661,429.177,469.224
n200-b5-k5-sequential-none,b6d32fd776351a6027da236e563922da498bf63e403203fc0a96688b1faba823,phase:4.5-tally-dTilde:multiparty_cpu_ms,3,0.0,0.0,0.0
n200-b5-k5-sequential-none,b6d32fd776351a6027da236e563922da498bf63e403203fc0a96688b1faba823,phase:4.5-tally-dTilde:multiparty_wall_ms,3,0.0,0.0,0.0
n200-b5-k5-sequential-none,b6d32fd776351a6027da236e563922da498bf63e403203fc0a96688b1faba823,phase:4.5-tally-dTilde:wall_ms,3,452.4,426.167,460.752
n200-b5-k5-sequential-none,b6d32fd776351a6027da236e563922da498bf63e403203fc0a96688b1faba823,phase:4.6-tally-Dw+dTilde:cpu_ms,3,1482.371,1438.772,1489.968
n200-b5-k5-sequential-none,b6d32fd776351a6027da236e563922da498bf63e403203fc0a96688b1faba823,phase:4.6-tally-Dw+dTilde:multiparty_cpu_ms,3,0.0,0.0,0.0
n200-b5-k5-sequential-none,b6d32fd776351a6027da236e563922da498bf63e403203fc0a96688b1faba823,phase:4.6-tally-Dw+dTilde:multiparty_wall_ms,3,0.0,0.0,0.0
n200-b5-k5-sequential-none,b6d32fd776351a6027da236e563922da498bf63e403203fc0a96688b1faba823,phase:4.6-tally-Dw+dTilde:wall_ms,3,1470.455,1422.999,1479.932
n200-b5-k5-sequential-none,b6d32fd776351a6027da236e563922da498bf63e403203fc0a96688b1faba823,phase:4.7-tally-vote-weight-product:cpu_ms,3,1555.019,1549.417,1583.566
n200-b5-k5-sequential-none,b6d32fd776351a6027da236e563922da498bf63e403203fc0a96688b1faba823,phase:4.7-tally-vote-weight-product:multiparty_cpu_ms,3,0.0,0.0,0.0
n200-b5-k5-sequential-none,b6d32fd776351a6027da236e563922da498bf63e403203fc0a96688b1faba823,phase:4.7-tally-vote-weight-product:multiparty_wall_ms,3,0.0,0.0,0.0
n200-b5-k5-sequential-none,b6d32fd776351a6027da236e563922da498bf63e403203fc0a96688b1faba823,phase:4.7-tally-vote-weight-product:wall_ms,3,1505.901,1496.134,1515.765
n200-b5-k5-sequential-none,b6d32fd776351a6027da236e563922da498bf63e403203fc0a96688b1faba823,phase:5-threshold-decrypt-verify:cpu_ms,3,76.101,69.512,76.862
n200-b5-k5-sequential-none,b6d32fd776351a6027da236e563922da498bf63e403203fc0a96688b1faba823,phase:5-threshold-decrypt-verify:multiparty_cpu_ms,3,62.48,57.935,62.853
n200-b5-k5-sequential-none,b6d32fd776351a6027da236e563922da498bf63e403203fc0a96688b1faba823,phase:5-threshold-decrypt-verify:multiparty_wall_ms,3,34.9,32.614,36.487
n200-b5-k5-sequential-none,b6d32fd776351a6027da236e563922da498bf63e403203fc0a96688b1faba823,phase:5-threshold-decrypt-verify:wall_ms,3,43.878,40.391,45.48
n200-b5-k5-sequential-none,b6d32fd776351a6027da236e563922da498bf63e403203fc0a96688b1faba823,process_peak_rss_mib,3,2673.66796875,2669.6015625,2825.0625
n200-b5-k5-sequential-none,b6d32fd776351a6027da236e563922da498bf63e403203fc0a96688b1faba823,server_observed_wall_ms:five_input_periods,3,10347.318,10180.331,10488.094000000001
n200-b5-k5-sequential-none,b6d32fd776351a6027da236e563922da498bf63e403203fc0a96688b1faba823,tally_observed_wall_ms:five_input_periods,3,10347.318,10180.331,10488.094000000001
n200-b5-k5-sequential-none,b6d32fd776351a6027da236e563922da498bf63e403203fc0a96688b1faba823,tally_refresh_wall_ms,3,0.0,0.0,0.0
n200-b5-k5-tree-none,aa670250a76f1efa9be5ca68b2b5b1dbb1ae5a042c72a8181daf5b221d8788c9,component:4.1-aggregate-initialization:cpu_ms,3,634.451,628.629,645.298
n200-b5-k5-tree-none,aa670250a76f1efa9be5ca68b2b5b1dbb1ae5a042c72a8181daf5b221d8788c9,component:4.1-aggregate-initialization:wall_ms,3,505.644,504.841,511.663
n200-b5-k5-tree-none,aa670250a76f1efa9be5ca68b2b5b1dbb1ae5a042c72a8181daf5b221d8788c9,component:4.1-server-aggregation:cpu_ms,3,2396.988,2329.599,2495.559
n200-b5-k5-tree-none,aa670250a76f1efa9be5ca68b2b5b1dbb1ae5a042c72a8181daf5b221d8788c9,component:4.1-server-aggregation:wall_ms,3,2378.964,2308.783,2478.148
n200-b5-k5-tree-none,aa670250a76f1efa9be5ca68b2b5b1dbb1ae5a042c72a8181daf5b221d8788c9,component:4.1-simulated-client-input-preparation:cpu_ms,3,110082.143,109514.469,110127.982
n200-b5-k5-tree-none,aa670250a76f1efa9be5ca68b2b5b1dbb1ae5a042c72a8181daf5b221d8788c9,component:4.1-simulated-client-input-preparation:wall_ms,3,108768.437,108257.204,108815.608
n200-b5-k5-tree-none,aa670250a76f1efa9be5ca68b2b5b1dbb1ae5a042c72a8181daf5b221d8788c9,component:multiparty:galois-key-generation:cpu_ms,3,14861.87,14649.049,15204.249
n200-b5-k5-tree-none,aa670250a76f1efa9be5ca68b2b5b1dbb1ae5a042c72a8181daf5b221d8788c9,component:multiparty:galois-key-generation:wall_ms,3,14593.742,14375.139,14920.868
n200-b5-k5-tree-none,aa670250a76f1efa9be5ca68b2b5b1dbb1ae5a042c72a8181daf5b221d8788c9,component:multiparty:public-key-generation:cpu_ms,3,51.424,46.507,55.218
n200-b5-k5-tree-none,aa670250a76f1efa9be5ca68b2b5b1dbb1ae5a042c72a8181daf5b221d8788c9,component:multiparty:public-key-generation:wall_ms,3,45.201,39.804,47.772
n200-b5-k5-tree-none,aa670250a76f1efa9be5ca68b2b5b1dbb1ae5a042c72a8181daf5b221d8788c9,component:multiparty:relinearization-key-generation:cpu_ms,3,806.826,806.513,851.334
n200-b5-k5-tree-none,aa670250a76f1efa9be5ca68b2b5b1dbb1ae5a042c72a8181daf5b221d8788c9,component:multiparty:relinearization-key-generation:wall_ms,3,776.867,773.89,818.772
n200-b5-k5-tree-none,aa670250a76f1efa9be5ca68b2b5b1dbb1ae5a042c72a8181daf5b221d8788c9,component:multiparty:threshold-decryption:cpu_ms,3,54.879,54.413,57.394
n200-b5-k5-tree-none,aa670250a76f1efa9be5ca68b2b5b1dbb1ae5a042c72a8181daf5b221d8788c9,component:multiparty:threshold-decryption:wall_ms,3,30.118,29.755,31.373
n200-b5-k5-tree-none,aa670250a76f1efa9be5ca68b2b5b1dbb1ae5a042c72a8181daf5b221d8788c9,multiparty_tally_wall_ms,3,0.0,0.0,0.0
n200-b5-k5-tree-none,aa670250a76f1efa9be5ca68b2b5b1dbb1ae5a042c72a8181daf5b221d8788c9,phase:1-init-random-inputs:cpu_ms,3,0.252,0.229,0.428
n200-b5-k5-tree-none,aa670250a76f1efa9be5ca68b2b5b1dbb1ae5a042c72a8181daf5b221d8788c9,phase:1-init-random-inputs:multiparty_cpu_ms,3,0.0,0.0,0.0
n200-b5-k5-tree-none,aa670250a76f1efa9be5ca68b2b5b1dbb1ae5a042c72a8181daf5b221d8788c9,phase:1-init-random-inputs:multiparty_wall_ms,3,0.0,0.0,0.0
n200-b5-k5-tree-none,aa670250a76f1efa9be5ca68b2b5b1dbb1ae5a042c72a8181daf5b221d8788c9,phase:1-init-random-inputs:wall_ms,3,0.253,0.221,0.399
n200-b5-k5-tree-none,aa670250a76f1efa9be5ca68b2b5b1dbb1ae5a042c72a8181daf5b221d8788c9,phase:2-bgv-setup:cpu_ms,3,15821.126,15651.714,16165.468
n200-b5-k5-tree-none,aa670250a76f1efa9be5ca68b2b5b1dbb1ae5a042c72a8181daf5b221d8788c9,phase:2-bgv-setup:multiparty_cpu_ms,3,15715.203,15555.601,16062.186
n200-b5-k5-tree-none,aa670250a76f1efa9be5ca68b2b5b1dbb1ae5a042c72a8181daf5b221d8788c9,phase:2-bgv-setup:multiparty_wall_ms,3,15410.414,15241.684,15739.96
n200-b5-k5-tree-none,aa670250a76f1efa9be5ca68b2b5b1dbb1ae5a042c72a8181daf5b221d8788c9,phase:2-bgv-setup:wall_ms,3,15492.255,15313.119,15823.14
n200-b5-k5-tree-none,aa670250a76f1efa9be5ca68b2b5b1dbb1ae5a042c72a8181daf5b221d8788c9,phase:3-pre-election-weight-input-preparation:cpu_ms,3,66.307,64.302,67.345
n200-b5-k5-tree-none,aa670250a76f1efa9be5ca68b2b5b1dbb1ae5a042c72a8181daf5b221d8788c9,phase:3-pre-election-weight-input-preparation:multiparty_cpu_ms,3,0.0,0.0,0.0
n200-b5-k5-tree-none,aa670250a76f1efa9be5ca68b2b5b1dbb1ae5a042c72a8181daf5b221d8788c9,phase:3-pre-election-weight-input-preparation:multiparty_wall_ms,3,0.0,0.0,0.0
n200-b5-k5-tree-none,aa670250a76f1efa9be5ca68b2b5b1dbb1ae5a042c72a8181daf5b221d8788c9,phase:3-pre-election-weight-input-preparation:wall_ms,3,52.886,47.7,53.167
n200-b5-k5-tree-none,aa670250a76f1efa9be5ca68b2b5b1dbb1ae5a042c72a8181daf5b221d8788c9,phase:4.1-streamed-input-reception-and-aggregation:cpu_ms,3,113064.11800000002,112580.91500000001,113286.55900000001
n200-b5-k5-tree-none,aa670250a76f1efa9be5ca68b2b5b1dbb1ae5a042c72a8181daf5b221d8788c9,phase:4.1-streamed-input-reception-and-aggregation:multiparty_cpu_ms,3,0.0,0.0,0.0
n200-b5-k5-tree-none,aa670250a76f1efa9be5ca68b2b5b1dbb1ae5a042c72a8181daf5b221d8788c9,phase:4.1-streamed-input-reception-and-aggregation:multiparty_wall_ms,3,0.0,0.0,0.0
n200-b5-k5-tree-none,aa670250a76f1efa9be5ca68b2b5b1dbb1ae5a042c72a8181daf5b221d8788c9,phase:4.1-streamed-input-reception-and-aggregation:wall_ms,3,111635.75200000001,111198.65299999999,111854.652
n200-b5-k5-tree-none,aa670250a76f1efa9be5ca68b2b5b1dbb1ae5a042c72a8181daf5b221d8788c9,phase:4.2-tally-periodic-echo-tree:cpu_ms,3,5935.173,5929.576000000001,6089.016
n200-b5-k5-tree-none,aa670250a76f1efa9be5ca68b2b5b1dbb1ae5a042c72a8181daf5b221d8788c9,phase:4.2-tally-periodic-echo-tree:multiparty_cpu_ms,3,0.0,0.0,0.0
n200-b5-k5-tree-none,aa670250a76f1efa9be5ca68b2b5b1dbb1ae5a042c72a8181daf5b221d8788c9,phase:4.2-tally-periodic-echo-tree:multiparty_wall_ms,3,0.0,0.0,0.0
n200-b5-k5-tree-none,aa670250a76f1efa9be5ca68b2b5b1dbb1ae5a042c72a8181daf5b221d8788c9,phase:4.2-tally-periodic-echo-tree:wall_ms,3,5603.289999999999,5592.289000000001,5737.467000000001
n200-b5-k5-tree-none,aa670250a76f1efa9be5ca68b2b5b1dbb1ae5a042c72a8181daf5b221d8788c9,phase:4.3-tally-lagrange-indicator:cpu_ms,3,1288.651,1250.449,1371.236
n200-b5-k5-tree-none,aa670250a76f1efa9be5ca68b2b5b1dbb1ae5a042c72a8181daf5b221d8788c9,phase:4.3-tally-lagrange-indicator:multiparty_cpu_ms,3,0.0,0.0,0.0
n200-b5-k5-tree-none,aa670250a76f1efa9be5ca68b2b5b1dbb1ae5a042c72a8181daf5b221d8788c9,phase:4.3-tally-lagrange-indicator:multiparty_wall_ms,3,0.0,0.0,0.0
n200-b5-k5-tree-none,aa670250a76f1efa9be5ca68b2b5b1dbb1ae5a042c72a8181daf5b221d8788c9,phase:4.3-tally-lagrange-indicator:wall_ms,3,1263.478,1230.565,1350.256
n200-b5-k5-tree-none,aa670250a76f1efa9be5ca68b2b5b1dbb1ae5a042c72a8181daf5b221d8788c9,phase:4.4-tally-delegate-support:cpu_ms,3,1268.095,1213.846,1327.628
n200-b5-k5-tree-none,aa670250a76f1efa9be5ca68b2b5b1dbb1ae5a042c72a8181daf5b221d8788c9,phase:4.4-tally-delegate-support:multiparty_cpu_ms,3,0.0,0.0,0.0
n200-b5-k5-tree-none,aa670250a76f1efa9be5ca68b2b5b1dbb1ae5a042c72a8181daf5b221d8788c9,phase:4.4-tally-delegate-support:multiparty_wall_ms,3,0.0,0.0,0.0
n200-b5-k5-tree-none,aa670250a76f1efa9be5ca68b2b5b1dbb1ae5a042c72a8181daf5b221d8788c9,phase:4.4-tally-delegate-support:wall_ms,3,1248.362,1201.401,1312.29
n200-b5-k5-tree-none,aa670250a76f1efa9be5ca68b2b5b1dbb1ae5a042c72a8181daf5b221d8788c9,phase:4.5-tally-dTilde:cpu_ms,3,439.849,410.599,474.854
n200-b5-k5-tree-none,aa670250a76f1efa9be5ca68b2b5b1dbb1ae5a042c72a8181daf5b221d8788c9,phase:4.5-tally-dTilde:multiparty_cpu_ms,3,0.0,0.0,0.0
n200-b5-k5-tree-none,aa670250a76f1efa9be5ca68b2b5b1dbb1ae5a042c72a8181daf5b221d8788c9,phase:4.5-tally-dTilde:multiparty_wall_ms,3,0.0,0.0,0.0
n200-b5-k5-tree-none,aa670250a76f1efa9be5ca68b2b5b1dbb1ae5a042c72a8181daf5b221d8788c9,phase:4.5-tally-dTilde:wall_ms,3,437.136,406.084,469.898
n200-b5-k5-tree-none,aa670250a76f1efa9be5ca68b2b5b1dbb1ae5a042c72a8181daf5b221d8788c9,phase:4.6-tally-Dw+dTilde:cpu_ms,3,1442.735,1424.156,1483.464
n200-b5-k5-tree-none,aa670250a76f1efa9be5ca68b2b5b1dbb1ae5a042c72a8181daf5b221d8788c9,phase:4.6-tally-Dw+dTilde:multiparty_cpu_ms,3,0.0,0.0,0.0
n200-b5-k5-tree-none,aa670250a76f1efa9be5ca68b2b5b1dbb1ae5a042c72a8181daf5b221d8788c9,phase:4.6-tally-Dw+dTilde:multiparty_wall_ms,3,0.0,0.0,0.0
n200-b5-k5-tree-none,aa670250a76f1efa9be5ca68b2b5b1dbb1ae5a042c72a8181daf5b221d8788c9,phase:4.6-tally-Dw+dTilde:wall_ms,3,1427.999,1414.482,1471.958
n200-b5-k5-tree-none,aa670250a76f1efa9be5ca68b2b5b1dbb1ae5a042c72a8181daf5b221d8788c9,phase:4.7-tally-vote-weight-product:cpu_ms,3,1476.921,1414.922,1540.701
n200-b5-k5-tree-none,aa670250a76f1efa9be5ca68b2b5b1dbb1ae5a042c72a8181daf5b221d8788c9,phase:4.7-tally-vote-weight-product:multiparty_cpu_ms,3,0.0,0.0,0.0
n200-b5-k5-tree-none,aa670250a76f1efa9be5ca68b2b5b1dbb1ae5a042c72a8181daf5b221d8788c9,phase:4.7-tally-vote-weight-product:multiparty_wall_ms,3,0.0,0.0,0.0
n200-b5-k5-tree-none,aa670250a76f1efa9be5ca68b2b5b1dbb1ae5a042c72a8181daf5b221d8788c9,phase:4.7-tally-vote-weight-product:wall_ms,3,1439.7,1371.066,1476.261
n200-b5-k5-tree-none,aa670250a76f1efa9be5ca68b2b5b1dbb1ae5a042c72a8181daf5b221d8788c9,phase:5-threshold-decrypt-verify:cpu_ms,3,68.318,66.029,73.777
n200-b5-k5-tree-none,aa670250a76f1efa9be5ca68b2b5b1dbb1ae5a042c72a8181daf5b221d8788c9,phase:5-threshold-decrypt-verify:multiparty_cpu_ms,3,54.879,54.413,57.394
n200-b5-k5-tree-none,aa670250a76f1efa9be5ca68b2b5b1dbb1ae5a042c72a8181daf5b221d8788c9,phase:5-threshold-decrypt-verify:multiparty_wall_ms,3,30.118,29.755,31.373
n200-b5-k5-tree-none,aa670250a76f1efa9be5ca68b2b5b1dbb1ae5a042c72a8181daf5b221d8788c9,phase:5-threshold-decrypt-verify:wall_ms,3,38.72,37.2,41.833
n200-b5-k5-tree-none,aa670250a76f1efa9be5ca68b2b5b1dbb1ae5a042c72a8181daf5b221d8788c9,process_peak_rss_mib,3,2814.375,2652.38671875,2850.66015625
n200-b5-k5-tree-none,aa670250a76f1efa9be5ca68b2b5b1dbb1ae5a042c72a8181daf5b221d8788c9,server_observed_wall_ms:five_input_periods,3,14377.414,14274.879000000003,14489.732
n200-b5-k5-tree-none,aa670250a76f1efa9be5ca68b2b5b1dbb1ae5a042c72a8181daf5b221d8788c9,tally_observed_wall_ms:five_input_periods,3,14377.414,14274.879000000003,14489.732
n200-b5-k5-tree-none,aa670250a76f1efa9be5ca68b2b5b1dbb1ae5a042c72a8181daf5b221d8788c9,tally_refresh_wall_ms,3,0.0,0.0,0.0
